A,B,C,D,E,F,G,H,I,J,K,L
Timestamp,Registration Number,Full Name,Email Address,Phone Number,Institution / College,Course / Department,Year of Study,Payment Status,Payment Method,Transaction / UTR Number,Amount (INR)
"4/10/2026, 10:03:27 AM",ILM-KMCT-MUTBSJW5-AED124,Aryananda M,aryanandamozhutharan2008@gmail.com,9496934795,"KMCT College of Engineering for Emerging Technologies and Management, Kasaragod",Electronics and Communication,1st Year,CONFIRMED / PAID,razorpay,pay_TjhUXyKWTT9TQk,699
"4/10/2026, 10:18:23 AM",ILM-KMCT-MUTCBR59-C9F1E2,Bhavya Shree,bhavysh48@gmail.com,9778508459,"KMCT College of Engineering for Emerging Technologies and Management, Kasaragod",BTech ECE,1st Year,CONFIRMED / PAID,razorpay,pay_TjhkMEs6aiACsW,699
"4/10/2026, 10:40:52 AM",ILM-KMCT-MUTD4OFR-2F58F8,Arya Vijayan,aryavijayan0391@gmail.com,9074726063,"KMCT College of Engineering for Emerging Technologies and Management, Kasaragod",Btech Artificial intelligence and data science,1st Year,CONFIRMED / PAID,razorpay,pay_Tji85yHrMSlf00,699
"4/10/2026, 11:22:22 AM",ILM-KMCT-MUTEM1C5-8B8FC3,Amna Farhath,farhathamna126@gmail.com,9562434134,"KMCT College of Engineering for Emerging Technologies and Management, Kasaragod",Electronics and communication engineering,1st Year,CONFIRMED / PAID,razorpay,pay_TjipP94NHgQd8z,699
"4/10/2026, 11:20:01 AM",ILM-KMCT-MUTEJ7K1-9F2D3A,Fathima Shiza,shizafathima184@gmail.com,9446670800,"KMCT College of Engineering for Emerging Technologies and Management, Kasaragod",Computer Science and Engineering,1st Year,CONFIRMED / PAID,razorpay,pay_TjinuxhAsA5Myf,699
"4/10/2026, 8:19:52 PM",ILM-KMCT-MUTXTA94-0A5E67,Fathimath Basila,fathimathbasila09@gmail.com,7909143915,"KMCT College of Engineering for Emerging Technologies and Management, Kasaragod","B tech,ECE",1st Year,CONFIRMED / PAID,razorpay,pay_TjrzfXv0if0ZpR,699
"5/10/2026, 4:17:51 PM",ILM-KMCT-MUV4LVTV-182197,Fathima Mansoor,fathimamansoor512@gmail.com,9497277081,"KMCT College of Engineering for Emerging Technologies and Management, Kasaragod",B.Tech csbs,1st Year,CONFIRMED / PAID,razorpay,pay_TkCOxD41F0eqJf,699
"5/10/2026, 4:40:03 PM",ILM-KMCT-MUV5EFWV-E9622D,Ibrahim khaleel K M,epipokhaleel@gmail.com,9496290313,"KMCT College of Engineering for Emerging Technologies and Management, Kasaragod",BBA Logistics,1st Year,CONFIRMED / PAID,razorpay,pay_TkCmg4LFwT1fRr,699
"5/10/2026, 7:09:23 PM",ILM-KMCT-MUVAQH3B-E301AC,Aysha Mifa,ayshamifa595@gmail.com,8594035626,"KMCT College of Engineering for Emerging Technologies and Management, Kasaragod",B TECH COMPUTER SCIENCE,1st Year,CONFIRMED / PAID,razorpay,pay_TkFK7pzN1FIKzh,699
"5/10/2026, 7:30:56 PM",ILM-KMCT-MUVBI6RI-A09ECA,Fathimath Shahama TA,shaharbansharu0407@gmail.com,8547584206,"KMCT College of Engineering for Emerging Technologies and Management, Kasaragod",Btech computer science,1st Year,CONFIRMED / PAID,razorpay,pay_TkFh82yVuHnv8i,699
"5/10/2026, 7:59:47 PM",ILM-KMCT-MUVCJAH9-CFB63A,Razil Abdulla,razilabdulla36@gmail.com,9446480616,"KMCT College of Engineering for Emerging  Technologies and  Management, Kasaragod",CSE,1st Year,CONFIRMED / PAID,razorpay,pay_TkGAfgynUnpv5P,699
"5/10/2026, 8:25:09 PM",ILM-KMCT-MUVDFXHA-9A7899,Nafeesa Saniyya,saniyyanafeesa3@gmail.com,9567719604,"KMCT College of Engineering for Emerging Technologies and Management, Kasaragod",Btech CSBS,1st Year,CONFIRMED / PAID,razorpay,pay_TkGaBfKCbk2hjP,699
"5/10/2026, 5:16:30 PM",ILM-KMCT-MUV6DPXC-F4F823,Fida Faisal,fidafaesal@gmail.com,8921388477,"KMCT College of Engineering for Emerging Technologies and Management, Kasaragod",Engineering,1st Year,CONFIRMED / PAID,razorpay,pay_TkDPcCcILOF0NL,699
"5/10/2026, 5:18:23 PM",ILM-KMCT-MUV6DRJB-62E58F,Sheza Fathima,shezafathima0357@gmail.com,8129900357,"KMCT College of Engineering for Emerging Technologies and Management, Kasaragod",Engineering,1st Year,CONFIRMED / PAID,razorpay,pay_TkDRb8axCPA24y,699
"5/10/2026, 7:11:17 PM",ILM-KMCT-MUVAFMLG-6BF727,Nidha Shirin,nidhashirin2220@gmail.com,9495240471,"KMCT College of Engineering for Emerging Technologies and Management, Kasaragod",Engineering,1st Year,CONFIRMED / PAID,razorpay,pay_TkFMrdA2Jn8n3L,699
"5/10/2026, 9:06:00 PM",ILM-KMCT-MUVEWGG7-C833E6,Azzath PA,abdullakunhips10@gmail.com,8848273036,"KMCT College of Engineering for Emerging Technologies and Management, Kasaragod",B.Tech computer science,1st Year,CONFIRMED / PAID,razorpay,pay_TkHJYYeSqgPN7L,699
"5/10/2026, 9:16:11 PM",ILM-KMCT-MUVF9JZE-7FB0DD,Khadeejath samnas MT,thahiramusthafa5276@gmail.com,9747897080,"KMCT College of Engineering for Emerging Technologies and Management, Kasaragod",B.Tech computer science,1st Year,CONFIRMED / PAID,razorpay,pay_TkHUHkMStfKzXj,699
"5/10/2026, 9:35:08 PM",ILM-KMCT-MUVFXXIC-3659F2,Ahamad Anees CA,ahamadaneesca14@gmail.com,9846278912,"KMCT College of Engineering for Emerging Technologies and Management, Kasaragod",B. Tech computer science,1st Year,CONFIRMED / PAID,razorpay,pay_TkHoJTZHHUzeG3,699
"5/10/2026, 9:55:02 PM",ILM-KMCT-MUVGNIT6-87B85E,Habeezer Ali,habeezerali20@gmail.com,7034221452,"KMCT College of Engineering for Emerging Technologies and Management, Kasaragod",B.tech Computer Science Engineering,1st Year,CONFIRMED / PAID,razorpay,pay_TkI9EvfckC3q3f,699
"5/10/2026, 10:16:12 PM",ILM-KMCT-MUVHEQNV-0D647F,Aysha Zulfa,azulfa1123@gmail.com,9496498963,"KMCT College of Engineering for Emerging Technologies and Management, Kasaragod",B. Tech AI and Data Science,1st Year,CONFIRMED / PAID,razorpay,pay_TkIV8YFATAf3ZG,699
"5/10/2026, 10:20:21 PM",ILM-KMCT-MUVHK2MU-38412F,Sulaikha shahala ak,ayshathraseena49@gmail.com,9633106785,"KMCT College of Engineering for Emerging Technologies and Management, Kasaragod",B.tech computer science,1st Year,CONFIRMED / PAID,razorpay,pay_TkIa6NQLun2kGf,699
"5/10/2026, 11:15:24 PM",ILM-KMCT-MUVJIV2B-676B39,K S Shahzaman,ksshahzaman5@gmail.com,7907126335,"KMCT College of Engineering for Emerging Technologies and Management, Kasaragod",B.Tech AI and data science,1st Year,CONFIRMED / PAID,razorpay,pay_TkJWFD11rIrX72,699
"5/10/2026, 10:12:25 PM",ILM-KMCT-MUVH9UUG-7D6997,Fathima Sheza KH,shezakh001@gmail.com,9895534817,"KMCT College of Engineering for Emerging Technologies and Management, Kasaragod",Engineering,1st Year,CONFIRMED / PAID,razorpay,pay_TkISCkk0t8sCFp,699
"6/10/2026, 7:54:04 AM",ILM-KMCT-MUW21VK8-FEAB0A,Hamraz Akmal,hamrazakmal123@gmail.com,7025793611,"KMCT College of Engineering for Emerging Technologies and Management, Kasaragod",B.tech Ai and data science,1st Year,CONFIRMED / PAID,razorpay,pay_TkSM58siyooSNS,699
"6/10/2026, 9:33:08 AM",ILM-KMCT-MUW5L9VV-71A713,Mohammed Bilal,billabilmohd@gmail.com,9447179185,"KMCT College of Engineering for Emerging Technologies and Management, Kasaragod",B.Tech computer science and businesses studies,1st Year,CONFIRMED / PAID,razorpay,pay_TkU2dPQMBSh2C8,699
"6/10/2026, 11:35:50 AM",ILM-KMCT-MUW9Z2IF-D56478,FATHIMA RIZA,fathimariza0512@gmail.com,9495040547,"KMCT College of Engineering for Emerging Technologies and Management, Kasaragod",bca ai,1st Year,CONFIRMED / PAID,razorpay,pay_TkW8HB9Mh2IOL0,699
"6/10/2026, 12:50:03 PM",ILM-KMCT-MUWD8NLH-C9288C,Fathima ahammed,fathima@kmct.edu.in,9292210284,"KMCT College of Engineering for Emerging Technologies and Management, Kasaragod",Engineering,1st Year,CONFIRMED / PAID,razorpay,pay_TkXPGfjamBWumx,699